Changes made at Sat Aug  9 05:58:18 UTC 2025
Changes made at Thu Nov 20 14:06:28 UTC 2025
Changes made at Thu Nov 20 14:12:40 UTC 2025
Changes made at Thu Nov 20 16:16:31 UTC 2025
Changes made at Fri Nov 21 08:18:31 UTC 2025
Changes made at Fri Nov 21 10:13:49 UTC 2025
Changes made at Fri Nov 21 14:12:46 UTC 2025
Changes made at Fri Nov 21 16:16:04 UTC 2025
Changes made at Sat Nov 22 08:15:41 UTC 2025
Changes made at Sat Nov 22 10:12:20 UTC 2025
Changes made at Sat Nov 22 14:10:32 UTC 2025
Changes made at Sat Nov 22 16:13:40 UTC 2025
Changes made at Sun Nov 23 08:15:53 UTC 2025
Changes made at Sun Nov 23 10:12:06 UTC 2025
Changes made at Sun Nov 23 14:10:32 UTC 2025
Changes made at Sun Nov 23 16:13:44 UTC 2025
Changes made at Mon Nov 24 08:19:06 UTC 2025
Changes made at Mon Nov 24 10:15:03 UTC 2025
Changes made at Mon Nov 24 14:13:16 UTC 2025
